{
  "dataset": "eurosat",
  "results": {
    "ZS-handcrafted": {
      "top1": 54.29999828338623,
      "top5": 91.03333353996277
    },
    "ZS-LLM": {
      "top1": 52.759259939193726,
      "top5": 94.70740556716919
    },
    "CoCoOp": {
      "top1": 74.18888888888888,
      "top5": 97.95925925925926
    }
  }
}