{
  "dataset": "oxford_pets",
  "results": {
    "ZS-handcrafted": {
      "top1": 88.06214332580566,
      "top5": 97.49250411987305
    },
    "ZS-LLM": {
      "top1": 90.18806219100952,
      "top5": 99.31861758232117
    },
    "CoCoOp": {
      "top1": 93.54047424528767,
      "top5": 99.86372308530935
    }
  }
}