{
  "dataset": "dtd",
  "results": {
    "ZS-handcrafted": {
      "top1": 44.20212805271149,
      "top5": 74.62766170501709
    },
    "ZS-LLM": {
      "top1": 45.691490173339844,
      "top5": 76.27659440040588
    },
    "CoCoOp": {
      "top1": 57.393617072003956,
      "top5": 86.80851066366155
    }
  }
}